Day,Hour,Energy_Consumption_kW,Temperature_C,Humidity_%,Occupancy,Renewable_Energy_kW,Event_Flag
1,0,352,35.977560906854066,65.27541701780875,220,227,0
1,1,569,33.49851649883824,33.01948586970266,238,299,0
1,2,542,23.927679781538902,55.98171258166612,250,331,0
1,3,343,35.528623297761115,37.91869001952466,310,297,0
1,4,315,32.14688441647948,62.248144556188976,342,183,0
1,5,585,20.42223165794053,52.94157333907232,177,100,0
1,6,732,21.111438030602677,46.46000054113031,138,345,0
1,7,645,23.137521944602174,46.87581317765575,109,271,0
1,8,618,28.043648305223506,72.23765339491592,420,396,0
1,9,747,38.3824871224449,62.406255242780794,388,328,0
1,10,816,26.1327471049893,43.5466702252202,78,308,0
1,11,656,30.385172013599018,46.018813027475005,409,387,0
1,12,831,36.16418407316412,38.734865017960445,395,187,0
1,13,925,30.400855259829676,37.27230670654226,458,295,0
1,14,834,33.49045843778552,69.6321577250643,284,303,0
1,15,630,20.579355013555343,47.58728535572693,268,151,0
1,16,739,31.393878106743855,69.18891193780678,234,364,0
1,17,874,28.005870878954013,68.84968827313094,483,224,0
1,18,1059,29.369989843756382,44.89866869360905,167,167,0
1,19,1128,36.36989089021961,65.82488772204479,156,336,0
1,20,345,20.25365976245347,35.29584684514103,143,116,0
1,21,573,26.308747377382538,66.97138578306449,162,178,1
1,22,514,29.758219633553402,55.67917022750245,216,330,0
1,23,422,24.97359721627655,42.00897717796431,361,293,0
2,0,485,33.393144583360396,61.34956234763554,422,156,0
2,1,569,26.58923730213511,72.21322579724489,376,177,0
2,2,597,39.02295297983595,58.09880834307674,336,242,0
2,3,478,34.52175726763375,55.41778156316869,154,285,0
2,4,362,26.79171019915155,35.473471149789866,184,134,1
2,5,406,36.47333582574831,46.357059016357624,264,187,0
2,6,568,30.905006266588547,41.6959794167948,432,219,0
2,7,505,20.6615471981253,40.74595714818704,272,368,0
2,8,599,28.163347415359283,59.607932940113244,129,123,0
2,9,832,21.42518807996207,72.35467634560942,242,392,0
2,10,757,26.762372190413988,76.30175044859845,340,167,0
2,11,743,22.72156276670034,49.554028410829694,143,341,0
2,12,922,28.83017984651901,65.42005252234352,364,185,0
2,13,868,23.572379836346972,51.70473149425729,326,117,0
2,14,771,29.84414528995912,36.61719059777681,499,339,0
2,15,624,21.343888003449806,53.34350359142984,451,158,0
2,16,660,38.27371066151915,51.314135533426025,233,297,0
2,17,855,31.89006875285653,33.33063520140538,64,253,0
2,18,1051,21.951222492797292,78.5708303068999,86,354,0
2,19,1002,25.224324352683063,50.38571393949418,256,144,0
2,20,556,39.99014859634259,47.410712979229075,253,338,0
2,21,357,36.379130978954635,52.860432837024476,193,357,0
2,22,568,25.69706907241077,63.35359886745237,402,164,0
2,23,344,34.518792123782816,53.553454808522055,469,388,0
3,0,411,37.41670762849266,61.06378672233079,86,352,0
3,1,506,33.36826978923736,59.70221182089662,231,225,0
3,2,352,33.771306731114365,76.92078369886222,232,309,0
3,3,455,39.02334459483174,52.82722185858407,143,109,0
3,4,455,28.785199143204935,46.032924648107,165,128,1
3,5,453,31.59901012613403,59.86902138746437,132,261,0
3,6,729,32.560698928991876,51.5667050593121,376,283,0
3,7,582,24.799985664088997,76.38548181248393,278,324,0
3,8,779,24.59099689815908,44.881294624936224,261,182,0
3,9,884,23.140068358733483,64.1742304303288,138,283,1
3,10,673,39.65538883275409,49.618730956486154,302,315,0
3,11,887,25.28012401926844,44.413032241575756,270,232,0
3,12,899,39.47000369147464,46.486739620648805,236,372,0
3,13,788,31.636464875453534,67.47605592641989,492,202,0
3,14,774,37.723981358289564,58.54686331227101,189,276,1
3,15,645,26.46968524318556,39.422190830415374,477,269,0
3,16,710,29.36411403704676,32.8883836712441,105,141,0
3,17,1113,38.45187418967502,63.50988173891029,499,153,0
3,18,964,29.336305894887783,79.96485705637375,293,172,0
3,19,960,28.20818084473573,74.72035672319426,83,366,0
3,20,404,20.74934214031675,41.41863768599883,335,127,0
3,21,557,34.389766626496275,61.254818562310554,226,239,0
3,22,347,22.131549097726605,41.6835254587995,168,240,0
3,23,342,35.86770925505245,75.97553098626348,80,244,0
4,0,459,34.75803036255671,65.04509265647275,418,387,0
4,1,415,29.897045897245643,52.32071829958843,308,104,0
4,2,555,36.29901617566353,65.02362545221976,134,132,0
4,3,328,26.894272966612835,42.1748084237924,236,353,0
4,4,482,28.993445720186987,67.34354708871373,436,161,0
4,5,501,30.32629220780299,52.48594098703056,430,378,0
4,6,638,34.83383092878399,31.052774337851975,318,207,0
4,7,578,36.7657836311004,49.438169654201715,423,279,0
4,8,536,29.402659959557788,54.01232392052656,373,152,0
4,9,642,35.899774643492485,46.4491571238938,162,340,0
4,10,630,37.87012196113653,31.24867583162649,225,239,0
4,11,766,33.31273159464864,68.23812616173805,55,289,0
4,12,781,29.814353492324877,52.18044051949474,107,172,0
4,13,813,33.50180185080559,58.038471048173705,278,252,1
4,14,601,34.46350361081898,66.05667371253017,440,192,0
4,15,633,20.204072857106947,54.52984415727721,279,167,0
4,16,805,23.22502225129112,54.99876433183942,297,376,0
4,17,1179,37.41755089060553,58.21998460468866,219,105,0
4,18,1185,31.917054243122678,33.11413454750472,188,310,0
4,19,1169,37.48430611053892,71.58382081042332,488,379,0
4,20,462,35.70745502555019,31.341984937572892,374,303,0
4,21,311,22.859419256642663,40.72229680165017,150,297,0
4,22,580,21.68760322635691,50.08860397238843,416,263,0
4,23,548,31.402385768903827,79.81047336452767,93,264,1
5,0,597,35.12111630052441,33.32592192549833,111,191,0
5,1,417,35.80811409491435,72.79242602444967,384,298,0
5,2,465,26.837151711585122,57.642132471337355,186,230,0
5,3,446,20.896184416834096,75.38546050212936,400,177,0
5,4,586,30.65877860074289,32.83679501196986,98,111,0
5,5,347,29.944389653011932,42.782423549327845,296,139,0
5,6,624,23.70586750331699,30.46096632254012,235,260,0
5,7,712,24.310859951678985,63.027379818996465,327,170,1
5,8,556,20.015272601376775,50.72864285642932,443,134,0
5,9,826,25.39674712241493,73.13202015366113,256,123,0
5,10,689,21.492367510096898,40.47518176333301,222,332,0
5,11,793,29.000666560568977,60.668134006364305,60,247,0
5,12,992,23.47236845104435,36.0810687060338,60,162,0
5,13,831,36.36748472742586,74.64121426189067,76,127,0
5,14,628,34.29467942333621,44.256210568831854,304,389,0
5,15,697,38.27803639172142,73.12575855319491,337,228,0
5,16,721,35.35566252246105,49.254565113943805,421,279,0
5,17,1136,24.930638935820934,67.4059609500672,402,282,0
5,18,1168,36.16983128309229,72.52304817356477,410,274,0
5,19,1028,32.27072950872046,71.12426849471461,249,243,0
5,20,445,32.471480001649965,43.23433559830672,271,154,0
5,21,318,32.496330725239034,62.47374342456824,317,227,0
5,22,308,34.23155209599042,60.35412059161689,130,160,0
5,23,415,39.68216945907679,48.874613471761414,146,215,0
6,0,413,30.99487088275471,44.92603055117296,134,153,0
6,1,429,35.2086720414983,35.76837343029741,399,122,0
6,2,342,37.18897217656903,62.82444155167942,153,280,0
6,3,459,24.832269432379082,37.52942361615973,340,207,0
6,4,524,33.93664729770424,78.39358868359223,230,143,0
6,5,578,30.84983482606267,58.14411164428341,376,110,0
6,6,525,34.5239854263916,40.65704652976633,323,200,0
6,7,789,35.990383749957786,75.49442198973802,85,269,1
6,8,633,26.998872229282817,63.94583722134544,409,378,0
6,9,622,26.985385822482392,75.29952518979681,361,199,0
6,10,898,31.498042090272698,50.68376013522051,398,150,0
6,11,629,38.334139823476875,67.42638673175134,331,152,0
6,12,971,24.97687736623521,42.33599579161465,488,387,0
6,13,932,33.153126223910675,59.37460392726066,145,131,0
6,14,651,39.768360119241116,57.699346921158394,444,363,0
6,15,677,31.31993390211409,33.274478558872666,186,235,0
6,16,805,36.49930387816512,34.288401028180246,347,364,0
6,17,934,23.69923690245182,43.19554634144005,373,257,0
6,18,1178,20.584543896042852,51.28518900239351,373,286,0
6,19,866,36.129270369363155,34.450883478082716,454,216,0
6,20,491,36.23404907048631,52.94398954512142,225,264,0
6,21,594,32.14610132694414,37.910953414903666,272,280,0
6,22,532,38.587121767255326,70.91395953623858,312,185,0
6,23,455,34.09042895024551,56.17787881587131,202,304,0
7,0,449,20.886434927108404,57.80128671560679,359,256,0
7,1,357,22.929455780197262,56.336733433003516,324,391,0
7,2,340,38.79457303576248,30.90632546256007,267,351,0
7,3,412,30.741032447177002,79.05332678757597,78,128,0
7,4,524,26.790497786868755,30.047664932653817,286,211,0
7,5,475,37.67802023207507,52.11641313635218,458,261,1
7,6,514,30.179334501705533,53.62429634663033,204,104,0
7,7,543,24.822452691674794,42.63135987889633,162,120,1
7,8,565,26.733587553981813,67.67373163004959,281,286,0
7,9,758,27.402318591164104,75.83704244629497,255,117,0
7,10,810,35.507212285342,31.329471372012307,304,188,0
7,11,783,20.933599781275745,49.65201825942556,141,289,0
7,12,716,35.71420618665424,39.13911404207081,496,327,0
7,13,952,38.19548310527848,40.044906789204695,225,143,0
7,14,716,39.29861114038574,47.248985075686214,406,171,0
7,15,719,20.76533645770744,67.86406765173994,190,399,0
7,16,818,36.5650810849864,79.37625134318094,433,370,0
7,17,914,24.46195749927636,55.77338599903213,128,220,0
7,18,1042,22.953618042322944,74.53183278412095,251,100,0
7,19,1058,30.565632764966658,78.39030757146179,483,385,0
7,20,385,23.80138661162251,41.02995207261151,476,261,0
7,21,335,38.83172509406708,73.96366503134365,374,331,0
7,22,517,36.070766783630475,65.89081032018572,471,178,0
7,23,403,27.159479591993428,40.27393189151949,161,151,0
8,0,441,35.57476845618423,71.52463595406363,448,121,0
8,1,320,36.95553711252461,53.035327568696296,315,245,0
8,2,588,34.37908977645754,69.13478586257679,201,288,0
8,3,458,20.305313863211328,79.6254424303329,327,236,0
8,4,498,39.25683781990228,73.58099507806995,166,343,0
8,5,376,26.966660952777367,51.51286837740335,100,111,0
8,6,528,27.47388576189254,33.25125443442562,177,376,0
8,7,646,23.76677635440187,59.22698241663578,425,242,0
8,8,791,29.46367366511742,56.55345987755976,407,314,0
8,9,779,32.26778152265552,56.03200181550458,478,338,0
8,10,755,21.903807008022103,67.63916979442881,59,199,0
8,11,703,35.43521029954884,61.822809275013775,469,109,0
8,12,849,30.833519820661685,36.24921822263634,418,345,0
8,13,770,27.738082222135887,47.87678579703599,477,331,0
8,14,848,33.2726411645519,34.75721843374447,358,356,0
8,15,825,24.686466258785664,69.93962166543494,283,185,0
8,16,651,25.67132470789551,70.98668137948388,290,318,0
8,17,1169,25.662630124333084,75.1975378245657,309,300,0
8,18,1045,33.328201462347664,76.88194742693699,373,247,1
8,19,1053,31.499233217646395,70.46582873621367,185,398,0
8,20,579,26.890879456490854,75.11695265548013,166,392,1
8,21,444,36.37840622997636,70.81451639562027,452,394,0
8,22,388,34.42447284580689,66.88640388635866,86,390,0
8,23,517,33.83807446584094,37.153122113416266,267,244,0
9,0,313,34.58925753828292,46.96191282575114,499,203,0
9,1,529,24.00124344143667,41.39331736719922,70,289,0
9,2,587,24.983701572684268,58.18426742654461,124,215,0
9,3,598,37.92358572743036,64.57859903572721,55,184,0
9,4,371,25.07478489469098,34.615308042184644,120,230,0
9,5,333,24.047431683638095,40.398083588772124,398,314,0
9,6,682,31.94852068534326,31.149387038530236,295,106,0
9,7,702,27.338086136394374,50.43107847025133,60,150,0
9,8,581,38.917487571727996,51.37334626988963,214,272,0
9,9,813,25.911744655401698,71.56250158664362,379,394,0
9,10,745,31.879406408755848,69.57740137810924,67,395,0
9,11,636,31.572178832236013,57.37248278366333,193,358,0
9,12,706,30.751896905579272,32.39608527709176,58,305,0
9,13,938,33.58041803239274,48.29495574040259,437,289,0
9,14,825,20.053365922361753,62.13905760301945,123,224,0
9,15,722,28.221955641486872,40.456871636655194,242,325,0
9,16,729,24.92084364250144,41.68785882788951,181,308,0
9,17,1127,26.860267695813246,59.11173562128265,173,234,0
9,18,840,28.31752493753414,72.4523799062397,389,160,0
9,19,1155,35.46659034596635,34.339395705179335,355,333,0
9,20,456,32.697660650109306,35.765839254065966,65,359,0
9,21,300,36.14881807181797,36.67475778307974,231,334,0
9,22,327,31.672913622062758,50.329185297518826,115,290,0
9,23,538,29.31043476667113,55.75693046332617,366,272,0
10,0,509,28.545446397647222,63.788281763813664,353,203,0
10,1,554,31.291452551096878,37.45954407515495,239,282,0
10,2,512,25.081403432510587,33.12725291504828,499,150,0
10,3,529,35.742124667334544,60.62671221859621,378,270,0
10,4,353,36.853054498850724,30.537639989367953,87,110,0
10,5,456,26.97577335187801,59.928764094312655,327,193,0
10,6,648,24.89031210749619,38.257696260263735,481,194,0
10,7,599,38.23172832118455,69.50489395159795,52,107,0
10,8,708,23.948159288212146,31.418670523064613,76,355,0
10,9,684,22.917131831987213,63.25049923431363,140,113,0
10,10,684,38.729971137176705,53.61248201185631,122,136,0
10,11,700,33.02178421628141,56.634640480096806,421,341,0
10,12,847,37.176065619997736,52.26015333128723,220,147,1
10,13,847,24.02699400570043,63.141617962834694,402,190,1
10,14,631,28.040975869157386,52.65355626306754,272,369,0
10,15,736,36.25466427098096,58.060728278937226,388,328,0
10,16,734,32.60197764099637,36.240335720848,96,124,0
10,17,802,36.73318441762483,78.63246282935157,159,362,0
10,18,1061,31.270831333284097,75.74485019840154,262,140,0
10,19,1089,25.96197235953691,79.16374621078364,351,379,0
10,20,396,37.78597915181284,69.97929879914705,144,218,0
10,21,355,38.981165097557515,37.121606513286196,468,139,0
10,22,524,20.93056796953423,64.98879478801211,73,168,0
10,23,342,24.304732873685488,54.99684740097396,164,121,0
11,0,581,28.118809175458956,58.85597087592216,194,382,0
11,1,329,33.336673832213094,79.97319833759423,102,312,0
11,2,469,37.05565336913958,44.264494627102486,207,244,0
11,3,305,28.224499959075427,78.37642679181924,389,222,0
11,4,359,23.87460010579391,37.84600978053176,436,399,0
11,5,387,26.052191767143967,37.5725465524142,305,364,0
11,6,587,34.36269762507085,58.46882091062094,111,217,0
11,7,570,27.597954442178906,65.83174424855645,500,121,0
11,8,691,21.912413735966215,33.52398544424323,80,384,0
11,9,716,28.721386865831715,37.78594911462174,306,351,0
11,10,648,29.642717697680492,43.84458779019468,81,157,0
11,11,814,22.22237317246799,47.79258437373277,165,131,0
11,12,772,29.636938464970886,41.256808793795756,305,333,0
11,13,926,33.33936998777003,42.321138624702996,220,378,0
11,14,741,29.068337842330813,56.463979616905824,278,184,0
11,15,669,28.033225266239217,73.70580996065914,321,360,0
11,16,772,35.81388752550731,65.13833871047986,231,140,0
11,17,1128,27.72631570417189,36.71371305671488,108,336,0
11,18,1110,36.01339500636254,76.70688706693352,274,100,0
11,19,932,21.983078595075096,58.68989239545908,417,367,0
11,20,361,39.182680761471715,33.479974240977356,463,268,0
11,21,405,25.974444701012153,30.286841338299944,109,110,0
11,22,432,24.882229485155797,34.991451329330246,123,102,0
11,23,380,35.66250054087649,79.95874662159933,312,133,0
12,0,387,29.328242702848613,32.67063617497503,136,199,0
12,1,323,34.85643072929122,74.53983106808737,265,122,0
12,2,449,35.237211111277595,73.78656904147212,52,288,0
12,3,359,31.95120489574621,73.35571077603221,98,367,0
12,4,488,33.47661881287327,73.66678160290544,371,378,0
12,5,591,28.641564146437247,43.54000777961202,253,166,0
12,6,603,21.662260991719663,60.922306772219294,470,290,0
12,7,565,35.42751916796985,62.13688960758165,404,145,0
12,8,585,24.285146793921335,69.87304840245277,314,248,0
12,9,690,24.970524304443565,78.96028252601405,397,143,0
12,10,685,36.10223005203471,39.89616186731786,186,139,0
12,11,817,25.63078070406947,54.989053993952126,132,235,0
12,12,953,22.55442467537942,38.31029458984867,438,242,0
12,13,872,33.53347622560698,75.49766776183952,395,292,0
12,14,667,27.764537707173318,76.73686852469734,187,196,0
12,15,788,22.03504423911806,46.4244434815548,382,137,0
12,16,848,29.499677131446234,76.74005950243102,199,214,0
12,17,872,30.1018601070171,72.03909089287038,229,277,0
12,18,829,36.08396950981379,33.57486423724617,279,288,0
12,19,920,33.22359726706365,68.77601100485563,139,113,0
12,20,442,20.859154910314935,36.78651810670475,406,322,1
12,21,334,28.53043357620122,47.84069708375364,156,258,0
12,22,503,37.17232661343087,36.567216575201975,296,243,0
12,23,459,22.0915202878712,78.21776585291178,302,212,0
13,0,559,29.120274701881158,44.402443652346804,67,102,0
13,1,404,25.624052795199553,50.81937239827765,245,106,0
13,2,543,37.7937268184844,56.087842704260595,204,348,0
13,3,460,37.149219757844165,31.793503034654016,427,302,0
13,4,337,22.88639945823633,36.9956043313305,466,303,0
13,5,526,26.526478859749503,61.497736593280585,305,281,0
13,6,583,33.87625844790248,61.359971995745084,246,224,0
13,7,630,30.28388792067261,30.474588814226394,81,218,0
13,8,555,32.26916352261891,40.9333098017181,182,281,0
13,9,806,27.092247249761893,42.57149736891556,79,283,0
13,10,672,27.957952010887002,43.660497625077554,52,195,0
13,11,848,32.083854820434,50.88227277890739,331,126,0
13,12,832,28.045258335403595,73.4387822711385,169,197,0
13,13,770,23.110470629470893,47.73024101024622,209,199,0
13,14,637,30.6375276121723,64.22384356844925,76,174,0
13,15,696,30.331447699551635,30.887117796024622,481,147,0
13,16,766,26.479120931833616,36.826685951286706,467,212,0
13,17,882,20.1171070287456,54.26571319112227,111,209,0
13,18,1177,25.625092877436693,55.44771279737953,268,139,0
13,19,1118,31.809310789025112,58.98626267321655,338,313,0
13,20,551,38.912179885679606,51.636374871746,316,140,0
13,21,598,20.10413223272363,41.24282163766796,175,240,0
13,22,540,27.122475613970458,72.95526186244439,80,373,0
13,23,493,26.182121809521146,56.83800186023822,109,140,0
14,0,567,28.689305030832667,65.15849244026003,182,379,1
14,1,332,35.46409180211489,58.76066271615092,142,222,0
14,2,534,39.40764280651675,57.05884133087763,260,186,0
14,3,482,35.49883138534488,65.38662199664059,322,326,0
14,4,582,33.406087084549384,36.70114573399098,421,315,0
14,5,588,24.433265266443975,48.85220017990046,73,363,0
14,6,553,39.00864096328057,66.93701485141565,166,384,0
14,7,772,34.87098350765791,59.09359524999296,175,180,0
14,8,646,25.889842686287864,65.5674593791542,289,132,0
14,9,637,20.330758753905762,38.94523237510326,480,158,0
14,10,639,39.59634517543499,53.96806141026951,165,314,0
14,11,734,34.52228176214746,75.47500063683435,461,294,0
14,12,726,26.36707351889625,37.215380378850405,400,132,0
14,13,832,35.36813679969924,65.12584602569387,75,259,0
14,14,647,34.5909887083135,71.06679977938302,74,203,0
14,15,806,25.48415148426411,51.78121277710976,271,240,0
14,16,632,32.78296110194477,69.96993036253244,342,173,0
14,17,883,24.013670983641106,72.38012513252573,493,189,0
14,18,899,20.068125816547337,41.503763967435795,149,301,0
14,19,887,38.138831127216896,70.27770352118722,353,290,1
14,20,526,36.92033302000108,68.54377970304418,103,287,0
14,21,375,37.09189798869906,40.56536815554686,280,127,0
14,22,430,20.652164586526304,50.193153048593146,475,145,0
14,23,351,33.64280650251874,53.27503636049701,468,268,1
15,0,580,27.63716722892366,64.48445561228867,148,311,0
15,1,559,22.601742147360383,45.74616961355101,77,352,0
15,2,538,35.288675710354596,59.00935604342592,338,371,0
15,3,455,36.28826327555875,56.59631998703203,460,289,0
15,4,539,31.976989455851893,51.76333555270058,96,283,0
15,5,491,21.29904665171058,66.4102247995511,464,138,0
15,6,765,21.953387080655816,51.93785955007408,227,282,0
15,7,637,22.13974314410799,35.240884739889076,324,323,0
15,8,585,39.88650973785542,57.21829156092309,212,285,0
15,9,626,21.109572171071814,49.716571128845615,107,281,0
15,10,785,31.71568306427292,38.01114551603316,88,125,0
15,11,807,24.308166342606867,48.740971310278354,477,278,0
15,12,706,30.908159701033945,39.922345539802016,116,393,0
15,13,893,20.99688910672842,36.952559212984475,184,142,0
15,14,801,35.38517125411518,69.78683829593805,473,184,0
15,15,635,21.386750600362763,54.236701068716215,184,210,0
15,16,728,25.73016512330392,65.330112821791,317,381,0
15,17,1014,24.007534685157733,47.39653348181156,441,382,0
15,18,1003,32.680822888126315,67.9294223386261,58,108,0
15,19,1049,20.85314052554534,75.87764139657986,180,365,0
15,20,521,37.82501912969389,50.41564666865306,253,396,0
15,21,545,39.44738652221423,41.037772878841224,108,142,0
15,22,394,37.998256796734495,79.79319475116336,324,326,0
15,23,551,33.63290851787525,78.15506010963082,494,184,0
16,0,513,34.82410617270899,37.14577005733252,271,147,0
16,1,305,29.72785976273117,38.13984277344865,146,125,0
16,2,356,35.906682118120216,32.40499462350824,467,145,0
16,3,515,24.881018360867166,33.58318703544402,131,105,0
16,4,451,26.770201986639357,64.4725597341486,309,322,0
16,5,413,24.235853857663063,57.62465797485689,495,398,0
16,6,765,37.83248855456999,33.61298958306219,59,268,0
16,7,619,31.27794242657531,63.785322006892216,285,218,0
16,8,745,32.49551181878057,59.814293569205205,193,288,0
16,9,829,23.018769041712975,39.291695880892235,241,163,0
16,10,868,22.232456465269145,49.343804193730875,136,290,0
16,11,804,36.02168769506632,53.281994899972226,412,313,0
16,12,957,24.18440846418632,69.78904680193779,452,109,0
16,13,960,31.30944827515932,51.593378702955214,242,213,0
16,14,752,22.006377898904738,55.71964671005147,239,362,0
16,15,653,22.64182313230792,58.034517556786255,459,374,0
16,16,600,24.493927249240908,58.183915461218156,497,306,1
16,17,1066,30.67990385231184,75.66665092150953,356,398,1
16,18,955,21.22508736079064,60.28835168147447,384,308,0
16,19,1017,22.956367910383623,50.31863283476913,184,152,0
16,20,553,39.97536719347488,62.567816175113926,64,215,0
16,21,591,32.818670416793466,39.65480296532647,430,340,0
16,22,588,22.739091865113128,44.267215247749974,284,398,0
16,23,351,36.37197134337995,47.141911771334584,53,368,0
17,0,456,37.30652911843251,59.22698905752736,225,337,0
17,1,450,20.825857101290705,66.21051881554321,108,234,0
17,2,410,32.39730732702326,79.84325646321146,290,193,0
17,3,499,21.89363843871937,37.25927007373108,342,313,0
17,4,496,30.85872534453552,38.05126631390222,470,114,0
17,5,336,32.11587687580996,62.00808658315654,216,168,0
17,6,633,33.21104386934728,51.45642827639088,283,166,0
17,7,514,21.229802833377647,77.0297507217069,409,331,0
17,8,783,34.49745737494981,70.56540306717756,185,130,0
17,9,613,35.70717954322454,76.13195797052535,61,206,0
17,10,673,33.19897596433785,40.264480134381905,225,247,0
17,11,708,37.614221641541235,37.07727767148104,152,236,0
17,12,887,22.55022405736014,77.68960726071538,376,270,0
17,13,976,37.96558583739489,57.968374900656094,189,335,0
17,14,723,31.902185898809886,57.93610859890576,131,377,0
17,15,783,25.30041790078741,42.28191154604981,483,399,0
17,16,601,22.184491919153974,55.3816078249575,70,128,0
17,17,988,25.572287589264,53.6420825840842,366,275,0
17,18,979,28.05682633194205,49.82477813639534,60,330,0
17,19,1136,24.349993720080185,64.33182195884746,269,394,0
17,20,438,30.359606218166817,39.36181311203976,138,254,0
17,21,555,35.73449576892594,37.79172263759502,247,232,0
17,22,514,36.34877021595171,70.00727567310493,119,288,0
17,23,452,22.276025588145924,67.167235655157,418,178,0
18,0,359,33.08770347223878,36.05370355061498,156,286,0
18,1,341,31.014745151260065,73.55369291447565,219,128,0
18,2,321,23.860380297642784,49.73006634864962,120,280,0
18,3,592,26.432774098042216,48.593329246080884,58,346,0
18,4,454,27.364340918653618,44.51702009592239,377,141,0
18,5,460,36.680543099813846,56.51248263106416,165,347,0
18,6,793,23.512106370819616,68.63263532892297,89,390,0
18,7,711,37.235025834440926,38.468757507668876,252,202,0
18,8,797,27.23362976248415,36.21979681134303,288,365,1
18,9,867,39.83783729533451,31.384038732734787,207,335,0
18,10,846,27.393144552257674,32.478999702760234,467,125,0
18,11,876,37.57128285791255,32.86116326620089,215,214,0
18,12,996,28.32349948098389,33.24172284341709,137,257,0
18,13,967,34.65458888166764,51.24427340758986,489,227,0
18,14,721,22.485098114473146,43.43251040474121,320,209,0
18,15,783,36.55430036781677,59.993614973743746,299,139,0
18,16,780,23.22129084162456,49.31799926927489,409,184,0
18,17,930,32.89904555258923,38.85696208275273,284,189,0
18,18,1038,27.7631857328484,54.649256590647916,116,359,0
18,19,1007,32.117034429870344,78.71914525112025,488,205,0
18,20,425,30.75540508188022,67.43574192558233,476,251,0
18,21,307,39.982320691685814,70.54762173830031,274,131,0
18,22,528,26.43960022268566,45.93300375739987,394,144,0
18,23,449,21.68023464793349,69.75187571777951,330,260,0
19,0,456,26.19516006287522,32.402470222818984,56,108,0
19,1,430,22.18259191691046,72.11702377705515,448,275,0
19,2,469,38.64379616825577,65.95110979311741,395,253,0
19,3,514,34.65827086267634,66.7169375529016,345,291,0
19,4,516,30.749826401084558,35.86775452131234,383,146,0
19,5,365,32.6105496615245,66.85199929222497,261,355,0
19,6,702,24.13083228665603,42.61027465072965,145,149,0
19,7,531,31.69175883321011,48.00211899799343,341,235,0
19,8,599,28.704376008962818,40.528887240947725,500,333,0
19,9,703,33.260919571220136,50.806131064481136,337,347,0
19,10,696,30.475007699787373,35.846129208493004,307,337,0
19,11,891,28.433683442064023,56.22280437619234,209,217,0
19,12,875,23.101770968452854,54.753953144094076,412,233,1
19,13,852,35.26704457965059,55.71818045703175,207,292,0
19,14,720,37.608018287045255,42.61371078372729,308,399,0
19,15,827,34.667754544223484,53.93531664922709,484,278,0
19,16,742,24.358747119210975,72.74524692483418,458,196,0
19,17,1005,36.1935750780023,60.29160912772727,95,205,0
19,18,874,37.93875723412283,59.66648653203238,77,116,0
19,19,979,25.527367088025322,61.52724421116129,427,275,0
19,20,534,29.608032898074747,71.79143051838842,171,202,0
19,21,512,27.193642192380544,57.72703370630288,322,359,0
19,22,517,26.28407438174503,44.06893565722847,384,162,0
19,23,596,36.86170152160258,47.39135709344216,266,145,0
20,0,544,27.263216552271203,52.54181138915801,270,367,0
20,1,489,30.761506642918473,65.97997676845381,428,165,0
20,2,365,24.10750410894724,71.0457463484255,374,175,0
20,3,336,24.886042909521187,46.12168228337944,184,229,0
20,4,529,33.27175159389032,55.45307632825393,62,226,0
20,5,497,23.779588092302678,72.91447780817879,474,204,0
20,6,598,24.99431046476783,77.09062682846839,488,263,0
20,7,704,38.18892140500188,79.78098162752231,489,283,0
20,8,529,24.455219581976877,35.458172532169755,414,315,0
20,9,888,25.650001501735442,57.90344209698803,477,395,0
20,10,752,37.78654333026064,58.174193284060244,482,204,0
20,11,771,23.334518147646406,72.28067737634015,199,156,0
20,12,896,20.076599773189727,30.82474549468493,203,399,0
20,13,844,26.987361859516636,64.31466439425672,301,343,0
20,14,623,26.448151878308725,36.08324237539266,238,103,1
20,15,736,35.659194155840744,51.53590165172223,223,314,0
20,16,783,27.11047540794899,36.97964923861761,178,204,0
20,17,1107,23.392341844098507,52.1023913278578,82,306,0
20,18,876,21.33662315063878,67.63533259315196,359,307,0
20,19,1105,28.358309366666344,61.98001679426717,352,246,0
20,20,499,25.28630994036893,42.76450923361819,169,321,0
20,21,501,37.22902369541423,75.54742311025771,54,122,0
20,22,468,35.22560113887589,55.64062990670101,441,337,0
20,23,445,38.848159624361436,75.75842852101579,50,180,0
21,0,482,21.110042786901257,57.38191743816306,221,235,0
21,1,552,22.720943380638914,33.10594668203774,177,290,0
21,2,547,26.569403090126738,34.877261334710425,55,380,0
21,3,452,20.39819856858687,30.252546806559344,395,332,0
21,4,350,33.27083650826682,72.17984667080309,128,221,0
21,5,372,28.95164679295513,76.71242317969151,285,316,0
21,6,748,22.767984242291885,41.111402560285924,156,245,0
21,7,563,33.18203861031322,38.041764947700536,331,167,0
21,8,660,33.54965911925914,42.40401070695526,82,329,0
21,9,757,21.304077014191087,34.78109054873289,394,260,0
21,10,696,21.77254414226391,70.28792225077348,398,325,0
21,11,795,21.21847225530356,72.83403780605533,368,134,0
21,12,785,26.365778225145565,62.6180049495505,316,312,1
21,13,929,35.87225034464745,37.051351631284916,443,362,0
21,14,694,34.068056865068556,73.02181788760058,245,335,0
21,15,666,36.78386590011888,32.71844775819271,216,281,0
21,16,786,26.49789118792235,59.674546045157655,173,151,0
21,17,1134,32.77893766757818,62.530759017942145,139,366,0
21,18,904,39.87737819387994,72.57866989223686,163,336,0
21,19,816,33.57734151608975,41.5711152311049,95,215,0
21,20,426,39.40202437652988,40.39975700669148,86,129,0
21,21,376,35.89517658400058,39.74192926944445,110,207,0
21,22,576,28.001499586439905,52.10222162437796,319,146,0
21,23,338,33.9483678056963,52.08778503508086,484,171,0
22,0,382,33.760626965915606,48.34538952946185,412,179,0
22,1,453,32.06695946129007,35.263143692202,383,208,0
22,2,331,34.645285356324365,32.05268891867907,283,365,0
22,3,440,22.12099583954295,54.52900752360412,70,195,0
22,4,317,32.7369671289756,51.806887155353046,172,397,0
22,5,303,21.141331772690386,43.69332488619471,260,251,0
22,6,522,35.75411871631947,33.12768859948651,376,392,0
22,7,666,39.54661707169549,31.69604220920516,375,150,0
22,8,573,26.79823051431975,79.05846831599078,268,210,0
22,9,620,33.61485124025567,36.82020712781423,66,117,0
22,10,708,26.93791914828526,73.62662426012864,421,277,0
22,11,801,35.64242204605448,54.893976081585805,226,272,0
22,12,934,22.07013988593696,39.83431002965773,443,323,0
22,13,763,22.987149176368366,49.15919149766453,423,228,0
22,14,603,29.307624734415327,46.11911009107728,250,126,0
22,15,662,29.50187524934216,61.96065334228407,64,349,0
22,16,756,35.65015187002125,45.68713839815835,188,361,0
22,17,1185,21.808007745619882,33.8549926669766,429,194,0
22,18,1142,27.269203404006156,38.272696096743175,447,131,0
22,19,864,28.751436575478216,36.77318748597854,311,111,0
22,20,459,38.392338934835514,38.85551390171605,62,331,0
22,21,536,35.37031521758246,60.872831925506475,178,269,0
22,22,352,22.263453499446396,76.74298975038471,277,231,0
22,23,367,23.19859563856822,64.6296045335734,178,321,0
23,0,588,25.27552264253667,50.124847138503924,81,377,0
23,1,600,35.16390140072373,63.95399810924516,339,365,0
23,2,555,23.60400831229786,51.82484288008587,312,174,0
23,3,420,28.38046717142196,52.70296292074561,96,158,0
23,4,424,29.660738168222533,34.630358828792,277,164,0
23,5,545,26.5230179109213,73.80269744540631,224,115,0
23,6,702,22.21245146206719,57.697549566282426,76,389,0
23,7,662,36.17548526479371,54.69354512464494,209,166,0
23,8,545,24.437685932494848,73.65550741559919,489,168,0
23,9,632,26.909149111148295,51.57545196622839,194,328,0
23,10,777,26.731523438187978,40.722000665196084,499,195,0
23,11,694,23.522942610226018,55.20545702701671,246,363,0
23,12,985,32.559805082265264,57.89454328572303,79,314,0
23,13,770,21.50324442190871,50.01708430205312,437,155,0
23,14,822,36.25368406832749,71.60999863502477,336,156,0
23,15,625,31.625680002233512,53.193072959723295,207,286,0
23,16,760,24.5430067036309,65.36161427299632,245,220,0
23,17,1132,32.97482729261457,73.33746837263963,425,302,0
23,18,908,30.0089827854399,73.47970658627514,121,234,0
23,19,1131,33.72908084575626,57.62939374289762,134,105,0
23,20,597,25.911378805232232,34.12028285047277,95,188,0
23,21,541,20.35463283840528,68.27999140932641,137,303,0
23,22,532,27.21834131558846,41.09052795799603,107,128,0
23,23,496,36.06730008482867,67.0548789341413,499,380,0
24,0,392,22.402284540111154,60.92737501195131,170,290,0
24,1,382,21.51301490622837,62.37852651917797,136,307,0
24,2,505,21.118342283219754,36.787343929213904,265,300,0
24,3,468,26.569421602587852,72.54883606126953,167,373,0
24,4,485,27.22950502933615,47.13288756319312,283,241,0
24,5,587,31.72581538091742,41.076964958697076,235,394,0
24,6,606,20.54524806276339,68.86953490354377,473,153,0
24,7,527,23.208951335308754,67.79406752201237,148,256,0
24,8,556,34.59782158179465,35.31992484833177,306,254,1
24,9,652,37.433875808226546,30.233176140514647,303,283,0
24,10,807,22.33105490243586,73.22745747196103,374,322,0
24,11,897,30.164446715600874,68.90352676478938,228,399,0
24,12,878,32.147781665124505,76.51561445177106,199,338,0
24,13,785,34.918404099157556,72.52533302738414,360,264,0
24,14,738,33.90447689639448,68.57179527008765,463,353,0
24,15,775,27.80126722059193,51.044078449657206,221,345,0
24,16,604,29.331803276969023,67.25328638087399,261,164,0
24,17,1003,24.174252809214433,51.85410496074687,50,331,0
24,18,907,39.327063351203805,41.926916677417076,354,343,0
24,19,1130,31.32679988074041,64.1279808523276,75,349,0
24,20,528,37.18354207639162,56.217636895061204,313,373,0
24,21,499,24.966825369811318,54.893572554666775,92,231,0
24,22,498,22.936153980254183,79.15421767025563,252,389,0
24,23,554,30.17207040287989,38.32131710969327,473,363,0
25,0,547,26.111113044978005,38.51105581336123,344,196,0
25,1,375,37.918007263319396,78.59450450655112,226,293,0
25,2,416,32.92896679081039,73.73721317498902,376,139,0
25,3,566,37.1476405873684,49.55723800568245,326,374,0
25,4,517,22.188189365741838,45.843972041408946,399,372,0
25,5,402,22.775181610696606,30.99551592095563,224,232,0
25,6,602,21.782720717333714,65.84513607796609,192,242,0
25,7,721,31.63039943352083,66.2080716276651,57,179,0
25,8,619,35.07076820814375,38.733304715369925,98,115,0
25,9,639,25.872859783517075,55.07616670551356,374,390,0
25,10,888,25.803739015964712,42.134631795527056,476,387,0
25,11,816,22.120156998141884,75.99720026373387,486,363,0
25,12,844,32.980035775009696,38.104734299439954,289,141,0
25,13,971,27.215729531473094,60.9119795097712,271,198,0
25,14,605,37.78133490729387,32.08768341199851,386,182,0
25,15,691,36.59155175384602,50.54035452372551,495,172,0
25,16,654,26.671839768892625,40.641207479386004,96,400,0
25,17,875,29.717938081983817,33.22380723290374,460,289,0
25,18,1110,35.40074154642507,54.01075252875208,396,333,0
25,19,884,38.03249652244287,44.861746522928776,151,393,0
25,20,543,34.65472887074721,31.046925203399805,51,352,0
25,21,300,32.449152202633364,57.13121195037998,136,305,0
25,22,532,28.67687979697063,53.4591263864574,310,259,0
25,23,426,32.40278371483992,42.81183814903483,53,306,0
26,0,467,32.26835609442933,69.25112156395707,167,142,0
26,1,558,30.288193315023015,46.48306105792942,233,389,0
26,2,426,34.308973359735305,50.790693382993666,268,175,0
26,3,385,35.960815366465766,67.22780941328921,471,111,0
26,4,533,23.760083777679107,46.73363860252684,346,109,0
26,5,580,36.31019646310087,33.549603055886415,491,258,0
26,6,712,36.41183662137691,62.01330014988064,135,276,0
26,7,786,27.012496601388346,42.9814142588925,154,296,0
26,8,520,33.05007247735638,63.94359629649795,305,268,0
26,9,796,30.385052009377894,50.53754824252546,98,206,0
26,10,785,20.52555020831629,49.57298495764731,234,233,0
26,11,852,27.145854667748747,30.511960907985877,286,129,0
26,12,744,36.68861687513166,45.507646142835426,177,266,0
26,13,871,35.81863618237427,77.11496119486156,355,290,0
26,14,698,33.845192431057264,53.24153080010311,395,160,0
26,15,692,25.726370419148434,54.49751427467632,220,248,0
26,16,724,26.311286551367395,31.81969767483665,189,318,0
26,17,926,37.50090256570199,48.745910281310444,108,194,0
26,18,822,38.55904164483783,59.52961183209628,196,355,0
26,19,1040,39.63284965085468,76.80563891139785,232,316,0
26,20,578,20.626322721806194,35.8306387543894,58,201,0
26,21,552,33.677476496576595,38.992986782248124,459,135,0
26,22,385,21.64372252000399,45.933434769136426,64,270,0
26,23,406,31.41199703204223,77.0835958435944,236,262,0
27,0,320,23.553641270736556,59.024345520861715,400,220,0
27,1,464,26.20910794679751,79.34783579012023,451,130,0
27,2,431,24.029937896183043,30.331895178037904,143,103,0
27,3,384,22.82109353473307,32.87810114321564,62,349,0
27,4,420,20.66973047288122,39.751230597933045,220,332,0
27,5,485,39.29208062833256,68.05648637212835,328,352,0
27,6,501,22.195764227344302,62.66006349309325,155,372,0
27,7,786,37.878765550844996,72.27536684681463,325,373,0
27,8,622,31.08535620850247,32.53585562265617,266,383,0
27,9,740,37.314305950970834,35.09343412504362,311,325,0
27,10,890,26.163431476359733,46.02001893564358,496,240,0
27,11,859,39.80979735057106,66.19415092903452,113,234,0
27,12,968,37.513455379289255,77.3305449782719,178,239,0
27,13,809,25.765459250071284,76.43527172135936,390,279,0
27,14,788,25.167900700848634,54.58111117376818,306,110,0
27,15,680,25.97968763682223,75.09672267245452,173,154,0
27,16,726,23.31467661846639,73.12763626953705,363,239,0
27,17,1142,38.38956421191584,33.150834148269496,68,127,0
27,18,880,28.052094949397038,31.366899962617047,102,382,0
27,19,1167,26.87607269748554,74.21727785658523,355,172,0
27,20,407,21.390818261396284,79.30847008724291,343,146,0
27,21,430,35.84866741718889,68.63578258373744,206,107,0
27,22,308,22.35886566254186,32.60636197741406,363,400,0
27,23,576,37.16667392817279,63.20008204432746,354,388,0
28,0,545,21.166951352339467,46.49404518254948,62,313,0
28,1,579,35.33843101008529,60.11986016607839,382,347,1
28,2,567,37.30684838683247,75.80498650178271,64,398,0
28,3,368,27.545701117727575,42.06969211531798,60,277,0
28,4,561,28.380744803236553,44.96546679409003,274,121,0
28,5,499,25.50930244653797,30.67465491181077,475,244,0
28,6,621,27.049994764239422,48.38152394538796,424,374,0
28,7,678,20.010403337018474,77.22397927455357,375,187,0
28,8,753,21.301496403928358,56.214132112275436,263,136,0
28,9,626,21.109641800686887,45.08783057575027,248,242,0
28,10,896,29.985958274148796,55.88105794922379,102,144,0
28,11,663,27.025871263134093,66.66417502142383,479,394,0
28,12,894,28.34596826346126,42.197408093510525,482,384,0
28,13,761,26.749656519809648,31.76288241589254,482,236,0
28,14,613,25.29646381276772,74.10698122662882,244,125,0
28,15,650,28.73586177545235,75.34594157091692,228,184,0
28,16,772,37.3037763766045,72.62712814406461,471,339,0
28,17,1027,22.125941124755034,79.6277173958569,284,293,1
28,18,1075,36.67249131513351,30.381733390447874,137,145,0
28,19,838,20.269646354508616,39.79479624017743,65,130,0
28,20,497,20.963392673115106,77.91351058435288,112,153,0
28,21,460,23.14571413200788,73.81735991838745,381,147,0
28,22,548,22.62050418398514,42.70732908834006,288,392,0
28,23,572,37.59498486908778,40.318928755200005,230,214,0
29,0,378,38.16159552724319,47.24463437835773,195,361,0
29,1,316,26.285514481257135,71.29197967654889,421,258,0
29,2,583,29.60000800960831,30.620545247905362,103,345,1
29,3,386,26.685058999357686,53.34698232227812,230,298,0
29,4,572,35.93160087227328,42.091816503178336,208,373,0
29,5,391,24.717116180732386,78.02066792624342,387,194,0
29,6,686,34.76824242571293,48.67613538024856,427,347,0
29,7,581,29.299334588284893,63.35901062172083,82,158,0
29,8,583,34.941826830626546,78.44139190602917,84,297,0
29,9,900,28.035531147846825,38.57724776582785,208,250,0
29,10,849,38.171379673734265,66.25464692594036,479,172,0
29,11,620,25.47758636145575,79.41348939981748,425,203,0
29,12,854,29.089509084128785,32.67211012219518,223,111,0
29,13,967,29.241337971251912,68.11800234492915,179,358,0
29,14,812,34.27450691065239,60.05630164842835,495,165,0
29,15,820,35.546200695517186,55.026214176759325,464,170,0
29,16,736,39.03349062336709,39.66994598001898,324,331,0
29,17,899,24.700817370751043,73.43718862167935,263,143,0
29,18,1021,24.765031257034433,56.0906557792348,321,388,0
29,19,1131,32.573129520529626,50.5685763712501,411,126,0
29,20,453,34.91235617596274,44.461992000197,75,388,0
29,21,544,38.874947128758976,56.20122723688158,293,347,0
29,22,369,23.18685401814908,39.29508648918024,165,329,0
29,23,310,33.39852192830011,34.86583443151973,457,158,0
30,0,447,25.41857320910426,37.02804510911698,396,145,1
30,1,464,33.190329841085386,66.13800717256595,217,277,0
30,2,523,30.233080294294695,38.84995751855748,468,162,0
30,3,535,39.79994734297079,61.4437667905528,226,123,0
30,4,332,37.05322273396931,65.92204791849676,197,365,0
30,5,338,24.758070733278252,39.21043443251355,471,330,0
30,6,566,33.546720541183674,76.79262650995109,250,383,0
30,7,516,35.48123424024085,64.57136660006961,352,274,0
30,8,782,33.5068347426558,57.51636221260543,178,372,0
30,9,807,28.459875050436363,66.02718058107095,482,347,0
30,10,890,28.146210994273915,53.03059540483689,120,249,0
30,11,710,35.40773459895304,40.78798048705789,469,115,0
30,12,774,20.623994874476907,78.23254216137488,50,353,0
30,13,983,26.51416005609618,41.6080903846066,373,192,0
30,14,611,39.187340499792555,54.05498102294163,76,107,0
30,15,645,25.38627608003627,40.69006439313597,160,295,0
30,16,629,32.96951176198348,35.63417315946698,435,105,0
30,17,1045,36.59626726303384,38.62023718478364,437,363,0
30,18,1178,24.166240853931487,52.33125106430689,486,115,0
30,19,872,27.16554771981757,73.07695636389187,315,373,0
30,20,419,36.086039571085664,70.87449975320828,302,227,0
30,21,529,29.126053697059255,51.55494924426841,205,223,0
30,22,386,39.003689785458526,58.2253294810819,385,294,0
30,23,488,33.31017622118435,75.15157769051525,134,177,0
